[
  {},
  {
    "page": 2,
    "options": [
      {
        "options": [
          "Good"
        ],
        "additionalOptions": "Enticing",
        "selectedOption": "Pleasurable"
      },
      {
        "options": [
          null,
          "Bad"
        ],
        "additionalOptions": "Dull",
        "selectedOption": "Miserable"
      }
    ]
  },
  {
    "page": 1,
    "options": [
      {
        "options": [
          "Bad"
        ],
        "additionalOptions": "Dangerous"
      }
    ]
  },
  {
    "page": 3,
    "options": [
      {
        "options": [
          "Good"
        ],
        "additionalOptions": "Enticing",
        "selectedOption": "Regenerative"
      }
    ]
  }
]